[{"title":"","subtitle":"","renk":"","cozunurluk":"","panel":"","aktifalan":"","enboyorani":"","pikselalani":"","yenilemehizi":"","parlaklik":"","kontrast":"","gorusacisi":"","sicaklik":"","lambaomru":"","menuislem":"","arayuz":"","power":"","fourk":null,"darbe":null,"voltaj110":null,"tochit":null,"osd":"hggjhghjghjgjh","panelteknik":"ghj","inputif":"gjg","outputif":"hjgjghjgjghjghj","audio":"ghjghj","terminals":"ghjg","dressing":"hhj","dynamic":"ghjg","reducing":"gh","keybd":"gjg","uruncizim":"","urunresim":"","urunilkresim":"","urunikinciresim":""}]